<?xml version="1.0" encoding="UTF-8"?>
<addons>
<addon id="plugin.video.animedubbedreasonsrp" name="Anime Dubbed" version="1.0.0" provider-name="Reasons">
  <requires>
    <import addon="xbmc.python" version="2.1.0"/>
    <import addon="script.module.urlresolver"  version="3.0.0"/>
    <import addon="script.module.addon.common" />
    <import addon="script.module.metahandler" version="2.5.1"/>
    <import addon="repository.reasonsrepo" version="1.0.0"/>
    <import addon="script.module.requests" version="2.4.3"/>
    <import addon="script.module.beautifulsoup" version="3.2.1"/>
    </requires>
  <extension point="xbmc.python.pluginsource" library="default.py">
		<provides>video</provides>
  </extension>
  <extension point="xbmc.addon.metadata">
  <summary>Watch any dubbed anime for free</summary>
	<description lang="en">Watch any dubbed and subbed anime shows/movies for free</description>
	<disclaimer lang="en">Dubbed Anime addon is a web scraper coded to crawl and index dubbedanime.net. This addon doesn't host any content therefore ReasonsRepo is not responsible for the accuracy, compliance, copyright, legality, decency, or any other aspect of the content from the scraped sites.</disclaimer>
  <news>[B]Version 1.0.0 - 25 Aug 2018[/B] - Initial Release</news>
	<platform>all</platform>
  </extension>
</addon>

<addon id="plugin.video.bdmoviezone"
version="0.1.3"
name="BD MovieZone"
provider-name="Reasons">
<requires>
  <import addon="xbmc.python" version="2.24.0"/>
  <import addon="script.module.requests" version="2.4.3"/>
  <import addon="script.module.beautifulsoup" version="3.2.1"/>
  <import addon="script.module.urlresolver" version="3.0.0"/>
  <import addon="repository.reasonsrepo" version="1.0.0"/>
</requires>
<extension point="xbmc.python.pluginsource" library="main.py">
  <provides>video</provides>
</extension>
<extension point="xbmc.addon.metadata">
  <summary>BD MovieZone</summary>
  <description>BD MovieZone is a popular site to watch Bengali,Hindi and English Movies for free</description>
  <disclaimer>This addon searches BDMovieZone.com to find movie link. The addon itself doesn't host any content.</disclaimer>
	<news>[B]Version 0.1.2 - 27 May 2018[/B]- Fixed Menu, Fixed Playback issues, Removed BDMovieZone Links</news>
  <broken>Site seems to have a lot of dead links</broken>
	<assets>
		<icon>icon.png</icon>
		<fanart>fanart.jpg</fanart>
		<screenshot>resources/images/screenshot-01.jpg</screenshot>
		<screenshot>resources/images/screenshot-02.jpg</screenshot>
		<screenshot>resources/images/screenshot-03.jpg</screenshot>
	</assets>
  </extension>
</addon>

<addon id="plugin.video.deccandelight"
version="1.7.1"
name="Deccan Delight"
provider-name="gujal">
<requires>
  <import addon="xbmc.python" version="2.20.0"/>
  <import addon="script.module.requests" version="2.4.3"/>
  <import addon="script.module.beautifulsoup" version="3.2.1"/>
  <import addon="script.module.resolveurl" version="5.0.00"/>
  <import addon="script.common.plugin.cache" version="2.5.5"/>
  <import addon="script.module.youtube.dl" version="17.709.0"/>
  <import addon="plugin.video.f4mTester" version="2.2.3"/>
  <import addon="repository.reasonsrepo" version="1.0.0"/>
</requires>
<extension point="xbmc.python.pluginsource" library="main.py">
  <provides>video</provides>
</extension>
<extension point="xbmc.addon.metadata">
	<summary>Entertainment from the Deccan region of India</summary>
	<description>This addon provides access to entertainment in various Deccan languages such as Tamil, Telugu, Malayalam, Kannada, and Hindi
DeccanDelight is and always will be free and open-source. None of its code and resources may be sold or redistributed for any commercial purposes.
DeccanDelight and its developers [B]DO NOT[/B] host, create, or distribute any of the content displayed in the addon, it simply scrapes ad financed public websites.</description>
	<platform>all</platform>
	<website>https://github.com/Gujal00/GujalKodiWork</website>
	<disclaimer>DeccanDelight and its developers are not in any way affiliated with Kodi or any of the sites and providers used in the addon.</disclaimer>
	<news>
[B]Version 1.7.1 - 21st Dec 2018[/B]
 - [COLOR blue]Reasons[/COLOR] [COLOR yellow]Repository[/COLOR]
 - Added Desi Serials
	</news>
	<assets>
		<icon>icon.png</icon>
		<fanart>fanart.jpg</fanart>
		<screenshot>resources/images/screenshot-01.jpg</screenshot>
		<screenshot>resources/images/screenshot-02.jpg</screenshot>
		<screenshot>resources/images/screenshot-03.jpg</screenshot>
	</assets>
</extension>
</addon>

<addon id="plugin.video.einthusan"
       name="Einthusan"
       version="1.4.7"
       provider-name="humla,ReasonsRepo">
    <requires>
        <import addon="xbmc.python" version="2.1.0"/>
        <import addon="script.module.requests" version="2.7.0" />
        <import addon="repository.reasonsrepo" version="1.0.0"/>
    </requires>
    <extension point="xbmc.python.pluginsource"
               library="default.py">
        <provides>video</provides>
    </extension>
    <extension point="xbmc.addon.metadata">
        <platform>all</platform>
        <summary>Watch Hindi, Tamil  movies</summary>
        <news>[B]Version 1.4.7 - 19 August 2019[/B] - [COLOR yellow] Changed domain from .tv to .ca[/COLOR]</news>
        <news>[B]Version 1.4.7 - 19 August 2019[/B] - [COLOR yellow] Updated CDN as per suggestions from github user "DaGrat3One"[/COLOR]</news>
        <description>
        This XBMC plugin allows to watch Hindi and Tamil movies from Einthusan.com. Please support them.
        Fixed everything, the addon should be working fine now [COLOR blue]Reasons[/COLOR] [COLOR yellow]Repository[/COLOR].

        Credits to Humla for creating the addon, but he probably stopped supporting it, so I, [COLOR blue]Reasons[/COLOR] [COLOR yellow]Repository[/COLOR] am taking over this project.
        I don't watch bollywood movies so dont use this addon, so if it breaks then please let me know.
        My contact info is available on my website or my github Repository.
        Credits to suriya222 for the thumbnails.</description>
    </extension>
</addon>

<addon id="plugin.video.movierulz"
version="0.1.1"
name="Movie Rulz"
provider-name="Reasons">
<requires>
  <import addon="xbmc.python" version="2.24.0"/>
  <import addon="script.module.requests" version="2.4.3"/>
  <import addon="script.module.beautifulsoup" version="3.2.1"/>
  <import addon="script.module.urlresolver" version="3.0.0"/>
  <import addon="script.module.resolveurl" version="5.0.00"/>
  <import addon="repository.reasonsrepo" version="1.0.0"/>


</requires>
<extension point="xbmc.python.pluginsource" library="main.py">
  <provides>video</provides>
</extension>
<extension point="xbmc.addon.metadata">
  <summary>Movie Rulz</summary>
  <description>Movie Rulz is a popular site to watch English and Hindi Movies for free</description>
  <disclaimer>This addon searches movierulz.pe to find movie link. The addon itself doesn't host any content. For now, we have no plan on adding Telegue or other language links in this addon.</disclaimer>
	<news>[B]Version 0.1.0 - 11th May 2018[/B] - Initial Release</news>
	<assets>
		<icon>icon.png</icon>
		<fanart>fanart.jpg</fanart>
		<!-- <screenshot>resources/images/screenshot-01.jpg</screenshot>
		<screenshot>resources/images/screenshot-02.jpg</screenshot>
		<screenshot>resources/images/screenshot-03.jpg</screenshot> -->
	</assets>
  </extension>
</addon>

<addon id="plugin.video.reasonsfmovies" name="fMovies" version="1.0.5" provider-name="Reasons">
  <requires>
    <import addon="xbmc.python" version="2.1.0"/>
    <import addon="script.module.urlresolver"  version="3.0.0"/>
    <import addon="script.module.addon.common" />
    <import addon="script.module.metahandler" version="2.5.1"/>
    <import addon="repository.reasonsrepo" version="1.0.0"/>
    <import addon="script.module.requests" version="2.4.3"/>
    <import addon="script.module.beautifulsoup" version="3.2.1"/>
    </requires>
  <extension point="xbmc.python.pluginsource" library="default.py">
		<provides>video</provides>
  </extension>
  <extension point="xbmc.addon.metadata">
  <summary>fMovie</summary>
	<description lang="en">This is a brand new addon for fmovies.to</description>
	<disclaimer lang="en">fMovies addon is created by ReasonsRepo, this addon do not host or upload any videos or movies other than indexing them.Therefore, ReasonsRepo is not responsible for the accuracy, compliance, copyright, legality, decency, or any other aspect of the content from the scraped sites.</disclaimer>
  <news>[B]Version 1.0.5 - 27 June 2018[/B] - Added an option to play latest episode (just a temporary fix), also added an option in settings to change site url (currenyly only 2 sites are supported)</news>
	<platform>all</platform>
  </extension>
</addon>

<addon id="plugin.video.reasonshdvix" name="HDVix Movies" version="1.0.0" provider-name="Reasons">
  <requires>
    <import addon="xbmc.python" version="2.1.0"/>
    <import addon="script.module.urlresolver"  version="3.0.0"/>
    <import addon="script.module.addon.common" />
    <import addon="script.module.metahandler" version="2.5.1"/>
    <import addon="repository.reasonsrepo" version="1.0.0"/>
    <import addon="script.module.requests" version="2.4.3"/>
    <import addon="script.module.beautifulsoup" version="3.2.1"/>
    </requires>
  <extension point="xbmc.python.pluginsource" library="default.py">
		<provides>video</provides>
  </extension>
  <extension point="xbmc.addon.metadata">
  <summary>HDVix Movies</summary>
	<description lang="en">This is a brand new addon to watch movies from HDVIX.com</description>
	<disclaimer lang="en">This addon doesn't host any content, so ReasonsRepository is not responsible for any copyrighted content. So don't sue the developer :P </disclaimer>
  <news>[B]Version 1.0.0 - 16 Sept 2018[/B] - Initial Release</news>
	<platform>all</platform>
  </extension>
</addon>

<addon id="plugin.video.reasonsrepotestaddon" name="Reasons Repo Test Addon" version="0.00.2" provider-name="Reasons">
  <requires>
    <import addon="xbmc.python" version="2.1.0"/>
    <import addon="script.module.urlresolver"  version="3.0.0"/>
    <import addon="script.module.addon.common" />
    <import addon="script.module.metahandler" version="2.5.1"/>
    <import addon="repository.reasonsrepo" version="1.0.0"/>
    <import addon="script.module.requests" version="2.4.3"/>
    <import addon="script.module.beautifulsoup" version="3.2.1"/>
    </requires>
  <extension point="xbmc.python.pluginsource" library="default.py">
		<provides>video</provides>
  </extension>
  <extension point="xbmc.addon.metadata">
  <summary>Do Not Install Me</summary>
	<description lang="en">Please dont review me</description>
	<disclaimer lang="en">I am buggy</disclaimer>
  <news>I am SAD</news>
	<platform>all</platform>
  </extension>
</addon>

<addon id="plugin.video.uwatchfree" name="UwatchFree" version="2.0.0" provider-name="Reasons">
  <requires>
    <import addon="xbmc.python" version="2.1.0"/>
    <import addon="script.module.urlresolver"  version="3.0.0"/>
    <import addon="script.module.addon.common" />
    <import addon="script.module.metahandler" version="2.5.1"/>
    <import addon="repository.reasonsrepo" version="1.0.0"/>
  </requires>
  <extension point="xbmc.python.pluginsource" library="default.py">
		<provides>video</provides>
  </extension>
  <extension point="xbmc.addon.metadata">
	<summary lang="en">Movies and Tv Shows from uwatchfree</summary>
	<description lang="en">This addon was originally developed DandyMedia, and please read the disclaimer</description>
	<disclaimer lang="en">UwatchFree addon is a web scraper coded to crawl and index uwatchfree.tv. This addon doesn't host any content therefore ReasonsRepo is not responsible for the accuracy, compliance, copyright, legality, decency, or any other aspect of the content from the scraped sites.</disclaimer>
  <news>[B]Version 2.0.0 - 24 April 2019[/B] - Slowly fixing it</news>
	<platform>all</platform>
  </extension>
</addon>

<addon id="plugin.video.watch-series-movies-rp"
version="0.1.4"
name="Watch Series Movies"
provider-name="Reasons">
<requires>
  <import addon="xbmc.python" version="2.24.0"/>
  <import addon="script.module.requests" version="2.4.3"/>
  <import addon="script.module.beautifulsoup" version="3.2.1"/>
  <import addon="script.module.urlresolver" version="3.0.0"/>
  <import addon="repository.reasonsrepo" version="1.0.0"/>
  <import addon="script.module.addon.common" />

</requires>
<extension point="xbmc.python.pluginsource" library="main.py">
  <provides>video</provides>
</extension>
<extension point="xbmc.addon.metadata">
  <summary>Watch Series Movies</summary>
  <description>This addon is still under construction, so it has limited functionality</description>
  <disclaimer>This addon is still under construction, so it has limited functionality.This addon searches ww1.watch-series.co to find movie link. The addon itself doesn't host any content.</disclaimer>
	<news>[B]Version 0.1.4 - 03 June 2018[/B]- Added more TV Show selection, More menu items,added new error dialogs, and finally added new View type</news>
	<assets>
		<icon>icon.png</icon>
		<fanart>fanart.jpg</fanart>
		<!-- <screenshot>resources/images/screenshot-01.jpg</screenshot>
		<screenshot>resources/images/screenshot-02.jpg</screenshot>
		<screenshot>resources/images/screenshot-03.jpg</screenshot> -->
	</assets>
  </extension>
</addon>

<addon id="plugin.video.watchonlinemovies"
version="0.1.6"
name="WatchOnlineMovies"
provider-name="Reasons">
<requires>
  <import addon="xbmc.python" version="2.24.0"/>
  <import addon="script.module.requests" version="2.4.3"/>
  <import addon="script.module.beautifulsoup" version="3.2.1"/>
  <import addon="script.module.urlresolver" version="3.0.0"/>
  <import addon="repository.reasonsrepo" version="1.0.0"/>
</requires>
<extension point="xbmc.python.pluginsource" library="main.py">
  <provides>video</provides>
</extension>
<extension point="xbmc.addon.metadata">
  <summary>WatchOnlineMovies</summary>
  <broken>Created a new addon for this same site</broken>
  <description>WatchOnlineMovies is a popular site to watch Hindi Movies for free</description>
  <disclaimer>This addon searches watchonlinemovies.com.pk to find movie link. The addon itself doesn't host any content.</disclaimer>
	<news>[B]Version 0.1.4 - 01 June 2018[/B] - Removed Menus, Fixed Navigation, Removed all the extra information from movie title (Almost worked), Color coded years and languages</news>
	<assets>
		<icon>icon.png</icon>
		<fanart>fanart.jpg</fanart>
		<screenshot>resources/images/screenshot-01.jpg</screenshot>
		<screenshot>resources/images/screenshot-02.jpg</screenshot>
		<screenshot>resources/images/screenshot-03.jpg</screenshot>
	</assets>
  </extension>
</addon>

<addon id="plugin.video.watchonlinemovies-New" name="WatchOnlineMovies-New" version="1.0.6" provider-name="Reasons">
  <requires>
    <import addon="xbmc.python" version="2.1.0"/>
    <import addon="script.module.urlresolver"  version="3.0.0"/>
    <import addon="script.module.addon.common" />
    <import addon="script.module.metahandler" version="2.5.1"/>
    <import addon="repository.reasonsrepo" version="1.0.0"/>
    <import addon="script.module.requests" version="2.4.3"/>
    <import addon="script.module.beautifulsoup" version="3.2.1"/>
    </requires>
  <extension point="xbmc.python.pluginsource" library="default.py">
		<provides>video</provides>
  </extension>
  <extension point="xbmc.addon.metadata">
  <summary>WatchOnlineMovies-New</summary>
	<description lang="en">This is a brand new addon for watchonlinemovies.com.pk</description>
	<disclaimer lang="en">This addon doesn't host any content, so ReasonsRepository is not responsible for any copyrighted content. So don't sue the developer :P </disclaimer>
  <news>[B]Version 1.0.6 - 19 August 2019[/B] - [COLOR yellow] Fixed Hollywood section, links and changed couple of lines of codes[/COLOR]</news>
	<platform>all</platform>
  </extension>
</addon>

<addon id="repository.reasonsrepo" name="[COLOR blue]Reasons[/COLOR] [COLOR yellow]Repository[/COLOR]" version="1.0.1" provider-name="Reasons">
    <extension point="xbmc.addon.repository" name="[COLOR blue]Reasons[/COLOR] [COLOR yellow]Repository[/COLOR]">
    <dir>
        <info compressed="false">https://github.com/tvaddonsco/tva-resolvers-repo/raw/master/addons.xml</info>
        <checksum>https://github.com/tvaddonsco/tva-resolvers-repo/raw/master/addons.xml.md5</checksum>
        <datadir zip="true">https://github.com/tvaddonsco/tva-resolvers-repo/raw/master/zips/</datadir>
    </dir>
        <info compressed="false">https://raw.githubusercontent.com/reasonsrepo/repository.reasonsrepo/master/zips/addons.xml</info>
        <checksum>https://raw.githubusercontent.com/reasonsrepo/repository.reasonsrepo/master/zips/addons.xml.md5</checksum>
        <datadir zip="true">https://raw.githubusercontent.com/reasonsrepo/repository.reasonsrepo/master/zips</datadir>
    </extension>
    <extension point="xbmc.addon.metadata">
        <summary>Official Reasons Repository</summary>
        <description>All new kodi addons</description>
        <source>https://github.com/reasonsrepo/repository.reasonsrepo/blob/master/README.md</source>
        <platform>all</platform>
    </extension>
</addon>
</addons>
